Description,Label
Breaking news: Major earthquake strikes coastal region causing widespread damage and evacuations,1
Local bakery opens new branch in downtown area,0
Global stock markets plunge amid economic uncertainty and trade tensions,1
City council approves new traffic light installation at Main Street,0
Revolutionary AI breakthrough changes medical diagnosis forever,1
New coffee shop opens in suburban neighborhood,0
Pandemic outbreak declared as virus spreads across multiple continents,1
Local school announces new cafeteria menu options,0
Climate change summit reaches historic agreement among world leaders,1
Community garden committee meeting scheduled for next week,0
Tech giant announces massive layoffs affecting thousands of employees,1
Library extends weekend hours starting next month,0
Major cyber attack compromises millions of user accounts worldwide,1
Local sports team wins regional championship game,0
International conflict escalates with military action in disputed territory,1
Neighborhood watch program seeks new volunteers,0
Scientific discovery reveals new treatment for common disease,1
City announces roadwork schedule for residential streets,0
Financial crisis threatens global banking system,1
Community center offers new pottery classes,0
Controversial political decision sparks nationwide protests,1
Local farmer's market extends season through October,0
Major airline declares bankruptcy amid industry upheaval,1
Public library adds new book collection to children's section,0
Space mission achieves historic milestone in planetary exploration,1
Town hall meeting discusses annual budget review,0
Natural disaster leaves thousands homeless in developing nation,1
School district approves new uniform policy,0
Technology company unveils groundbreaking innovation changing industry,1
Neighborhood street fair planned for upcoming weekend,0
Economic recession fears grow as unemployment rates spike,1
Local restaurant introduces new lunch menu items,0
International treaty signed to combat global environmental crisis,1
Community cleanup event scheduled for city park,0
Major corporation faces scandal over unethical practices,1
Library book club announces next month's selection,0
Public health emergency declared as disease spreads rapidly,1
Local business hosts customer appreciation day,0
Political upheaval leads to government leadership change,1
Town council reviews zoning ordinance amendments,0
Massive data breach exposes sensitive information of millions,1
School choir performs at regional music festival,0
Trade war escalates with new tariffs imposed by major economies,1
Community center offers free yoga classes on weekends,0
Terrorist attack shocks nation resulting in casualties,1
Local park installs new playground equipment,0
Historic election results mark significant political shift,1
Neighborhood association plans summer block party,0
Major environmental disaster threatens ecosystem and wildlife,1
City announces holiday decorations installation schedule,0
Breakthrough medical study shows promising cancer treatment results,1
Local pet adoption event scheduled at animal shelter,0
Financial fraud scandal rocks major investment firm,1
Town library hosts author reading and book signing,0
International summit addresses critical security concerns,1
Community garden harvest festival next Saturday,0
Technology vulnerability discovered affecting millions of devices,1
Local elementary school holds annual fundraising carnival,0
Major sporting event faces cancellation due to safety concerns,1
Public pool announces extended summer hours,0
Political corruption investigation reveals widespread wrongdoing,1
Neighborhood association plants trees along Main Street,0
Severe weather warning issued for multiple states,1
Community theater announces upcoming play schedule,0
Corporate merger creates industry giant reshaping market landscape,1
Local gym offers new fitness class schedule,0
Military conflict intensifies with deployment of additional forces,1
City council approves new bike lane installation,0
Global pandemic restrictions implemented as cases surge,1
School announces early dismissal for teacher training,0
Major infrastructure failure disrupts services for millions,1
Library extends late fee amnesty program,0
Historic peace agreement ends decades of conflict,1
Community garden seeks donations of gardening tools,0
Supreme court ruling transforms national policy landscape,1
Local bakery wins award at regional competition,0
Economic crisis triggers emergency government intervention,1
Town announces new recycling program guidelines,0
Scientific consensus confirms urgent climate action needed,1
Neighborhood watch reports decreased crime statistics,0
Major company announces controversial policy change affecting workers,1
City park installs new benches along walking trails,0
International health organization declares emergency situation,1
Local school hosts annual science fair exhibition,0
Political scandal forces high-ranking official resignation,1
Community center offers free tax preparation assistance,0
Natural resource depletion threatens future sustainability,1
Town library launches new digital lending program,0
Technology breakthrough revolutionizes communication industry,1
Local restaurant participates in charity fundraiser,0
International crisis prompts urgent diplomatic negotiations,1
School district announces summer reading program,0
Major security breach compromises critical infrastructure,1
Community garden workshop teaches organic farming techniques,0
Environmental regulations face major legislative challenge,1
City announces new public art installation locations,0
Global economic indicators signal potential recession ahead,1
Local business celebrates anniversary with special promotions,0
